id,titulo,slug,loc,precio,moneda,hab,banos,lote,area,url,imagen,municipio,departamento,lat,lng,geo_tipo
37233,colonia unidad de proposito managua,casa-en-venta-managua-colonia-unidad-de-proposito/,colonia unidad de proposito managua,49000,USD,,1,,,https://www.sovinic.com.ni/propiedades/casa-en-venta-managua-colonia-unidad-de-proposito/,https://www.sovinic.com.ni/wp-content/uploads/2026/08/20260814_141120-525x328.jpg,Managua,Managua,12.1578261,-86.1815317,place_of_worship
37161,nindiri,casa-en-venta-en-nindiri/,nindiri,160000,USD,,3,,,https://www.sovinic.com.ni/propiedades/casa-en-venta-en-nindiri/,https://www.sovinic.com.ni/wp-content/uploads/2026/08/4-1-525x328.jpg,Nindirí,Masaya,12.0030065,-86.1201997,administrative
37102,b marvin marin,casa-en-venta-b-marvin-marin/,b marvin marin,35000,USD,,1,,,https://www.sovinic.com.ni/propiedades/casa-en-venta-b-marvin-marin/,https://www.sovinic.com.ni/wp-content/uploads/2026/08/Photo_1785808765568-525x328.jpg,,,12.1092446,-86.2930356,car_rental
37081,villa san jacinto managua,casa-en-venta-en-villa-san-jacinto-managua/,villa san jacinto managua,60000,USD,,1,,,https://www.sovinic.com.ni/propiedades/casa-en-venta-en-villa-san-jacinto-managua/,https://www.sovinic.com.ni/wp-content/uploads/2026/08/Photo_1785706465677-1-525x328.jpg,Managua,Managua,12.1390016,-86.2128894,neighbourhood
37072,batahola norte,casa-en-venta-batahola-norte/,batahola norte,35000,USD,,1,,,https://www.sovinic.com.ni/propiedades/casa-en-venta-batahola-norte/,https://www.sovinic.com.ni/wp-content/uploads/2026/08/Photo_1785520021717-525x328.jpg,,,12.1410700,-86.3038781,administrative
36950,nicaragua millones managua,venta-de-casa-de-lujo-en-managua-nicaragua-1-2-millones/,nicaragua millones managua,,USD,,5,,,https://www.sovinic.com.ni/propiedades/venta-de-casa-de-lujo-en-managua-nicaragua-1-2-millones/,https://www.sovinic.com.ni/wp-content/uploads/2026/07/DJI_0831.jpg-525x328.jpeg,Managua,Managua,12.1547116,-86.2737250,administrative
36881,san judas,casa-en-venta-en-san-judas/,san judas,60000,USD,,2,,,https://www.sovinic.com.ni/propiedades/casa-en-venta-en-san-judas/,https://www.sovinic.com.ni/wp-content/uploads/2026/07/740343171_1745792856447732_8385685658873249625_n-525x328.jpg,,,12.2188232,-86.0619691,administrative
36858,villa sonja granada,casa-en-venta-villa-sonja-granada/,villa sonja granada,11000,USD,,1,,,https://www.sovinic.com.ni/propiedades/casa-en-venta-villa-sonja-granada/,https://www.sovinic.com.ni/wp-content/uploads/2026/07/744314934_1057859856716314_2592122923985086097_n-2-525x328.jpg,Granada,Granada,11.9303670,-85.9535387,administrative
36789,km 10.5 carretera a masaya ubicado en residencial privado,casa-en-venta-km-10-5-carretera-a-masaya-ubicado-en-residencial-privado/,km 10.5 carretera a masaya ubicado en residencial privado,94000,USD,,2,,,https://www.sovinic.com.ni/propiedades/casa-en-venta-km-10-5-carretera-a-masaya-ubicado-en-residencial-privado/,https://www.sovinic.com.ni/wp-content/uploads/2026/07/Photo_1782997857182-1-525x328.jpg,Masaya,Masaya,11.9736474,-86.0960547,administrative
36769,residencial vistas de nejapa carretera sur km,casa-de-venta-en-residencial-vistas-de-nejapa-carretera-sur-klm-10-5/,residencial vistas de nejapa carretera sur km,72000,USD,,2,,,https://www.sovinic.com.ni/propiedades/casa-de-venta-en-residencial-vistas-de-nejapa-carretera-sur-klm-10-5/,https://www.sovinic.com.ni/wp-content/uploads/2026/07/file_000000002f60722fb942d829418eec21-525x328.png,,,,,
36667,venta casas nueva residencial km carretera a masaya,en-venta-casas-nueva-residencial-km-13-carretera-a-masaya-2/,venta casas nueva residencial km carretera a masaya,140000,USD,,2,,,https://www.sovinic.com.ni/propiedades/en-venta-casas-nueva-residencial-km-13-carretera-a-masaya-2/,https://www.sovinic.com.ni/wp-content/uploads/2026/06/GARDENIA2-525x328.jpeg,Masaya,Masaya,11.9736474,-86.0960547,administrative
36522,carretera a masaya km,casa-en-venta-carretera-a-masaya-km-11/,carretera a masaya km,210000,USD,,4,,,https://www.sovinic.com.ni/propiedades/casa-en-venta-carretera-a-masaya-km-11/,https://www.sovinic.com.ni/wp-content/uploads/2026/05/Lumii_20240614_162457261-1-525x328.jpg,Masaya,Masaya,12.0868280,-86.2299728,florist
36500,carretera nueva a leon k10,casa-en-venta-carretera-nueva-a-leon-k10-5-2/,carretera nueva a leon k10,132000,USD,,3,,,https://www.sovinic.com.ni/propiedades/casa-en-venta-carretera-nueva-a-leon-k10-5-2/,https://www.sovinic.com.ni/wp-content/uploads/2026/05/Photo_1779388153500-525x328.jpg,León,León,12.3354150,-86.6549936,trunk
36416,b francisco salazar,casa-en-venta-b-francisco-salazar/,b francisco salazar,32000,USD,,1,,,https://www.sovinic.com.ni/propiedades/casa-en-venta-b-francisco-salazar/,https://www.sovinic.com.ni/wp-content/uploads/2026/05/Photo_1779205069867-525x328.jpg,,,,,
36171,managua ticuantepe,se-vende-casa-en-ticuantepe-managua/,managua ticuantepe,62000,USD,,3,,,https://www.sovinic.com.ni/propiedades/se-vende-casa-en-ticuantepe-managua/,https://www.sovinic.com.ni/wp-content/uploads/2026/04/fachada-1-525x328.jpg,Ticuantepe,Managua,12.0630544,-86.2113597,yes
36129,carretera masaya km,casa-en-venta-carretera-masaya-km-13/,carretera masaya km,280000,USD,,4,,,https://www.sovinic.com.ni/propiedades/casa-en-venta-carretera-masaya-km-13/,https://www.sovinic.com.ni/wp-content/uploads/2026/04/WhatsApp-Image-2026-04-20-at-9.53.29-PM-525x328.jpeg,Masaya,Masaya,12.0973891,-86.2441638,administrative
35986,barrio grenada managua a minutos del mercado roberto huembes,casa-en-barrio-grenada-managua-a-5-minutos-del-mercado-roberto-huembes/,barrio grenada managua a minutos del mercado roberto huembes,50000,USD,,1,,,https://www.sovinic.com.ni/propiedades/casa-en-barrio-grenada-managua-a-5-minutos-del-mercado-roberto-huembes/,https://www.sovinic.com.ni/wp-content/uploads/2026/03/1-525x328.png,Managua,Managua,12.1547116,-86.2737250,administrative
35966,bo dinamarca,casa-en-venta-bo-dinamarca/,bo dinamarca,159000,USD,,7,,,https://www.sovinic.com.ni/propiedades/casa-en-venta-bo-dinamarca/,https://www.sovinic.com.ni/wp-content/uploads/2026/03/InShot_20260327_181038976-525x328.jpg,,,12.1391454,-86.3046094,administrative
35910,ticuantepe,casa-en-venta-en-ticuantepe-7/,ticuantepe,165000,USD,,4,,,https://www.sovinic.com.ni/propiedades/casa-en-venta-en-ticuantepe-7/,https://www.sovinic.com.ni/wp-content/uploads/2026/03/WhatsApp-Image-2025-10-10-at-11.03.41-AM-2-525x328.jpeg,Ticuantepe,Managua,12.0217671,-86.2053144,administrative
35668,managua ticuantepe,casa-en-venta-en-ticuantepe-managua/,managua ticuantepe,180000,USD,,2,,,https://www.sovinic.com.ni/propiedades/casa-en-venta-en-ticuantepe-managua/,https://www.sovinic.com.ni/wp-content/uploads/2026/02/WhatsApp-Image-2026-02-23-at-8.40.03-AM-6-525x328.jpeg,Ticuantepe,Managua,12.0630544,-86.2113597,yes
35635,vistas del momotombo,vistas-del-momotombo/,vistas del momotombo,60000,USD,,2,,,https://www.sovinic.com.ni/propiedades/vistas-del-momotombo/,https://www.sovinic.com.ni/wp-content/uploads/2026/02/InShot_20260221_173342932-525x328.jpg,,,12.2185285,-86.3989038,administrative
35329,nicaragua managua,casa-de-lujo-en-managua-nicaragua-2/,nicaragua managua,450000,USD,,4,,,https://www.sovinic.com.ni/propiedades/casa-de-lujo-en-managua-nicaragua-2/,https://www.sovinic.com.ni/wp-content/uploads/2026/01/Lumii_20260120_085011375-525x328.jpg,Managua,Managua,12.1214389,-86.3097786,central_bank
35073,villa holanda masaya,casa-en-venta-en-masaya-villa-holanda/,villa holanda masaya,59590,USD,,1,,,https://www.sovinic.com.ni/propiedades/casa-en-venta-en-masaya-villa-holanda/,https://www.sovinic.com.ni/wp-content/uploads/2025/11/20251104_112018-525x328.jpg,Masaya,Masaya,11.9835729,-86.0758728,neighbourhood
35019,ticuantepe,casa-en-venta-en-ticuantepe/,ticuantepe,49000,USD,,1,,,https://www.sovinic.com.ni/propiedades/casa-en-venta-en-ticuantepe/,https://www.sovinic.com.ni/wp-content/uploads/2025/11/76fdc6d6-f74a-4ea6-8e81-213440e7143f-1-525x328.jpg,Ticuantepe,Managua,12.0217671,-86.2053144,administrative
34992,granada,casa-en-venta-granada/,granada,50000,USD,,1,,,https://www.sovinic.com.ni/propiedades/casa-en-venta-granada/,https://www.sovinic.com.ni/wp-content/uploads/2025/10/Photo_1761846741476-2-525x328.jpg,Granada,Granada,11.9303670,-85.9535387,administrative
34459,santo domingo managua,casa-en-nicaragua-santo-domingo-managua-2/,santo domingo managua,195000,USD,,3.5,,,https://www.sovinic.com.ni/propiedades/casa-en-nicaragua-santo-domingo-managua-2/,https://www.sovinic.com.ni/wp-content/uploads/2025/09/IMG-20250912-WA0070-525x328.jpg,Managua,Managua,12.1533856,-86.2586730,car_parts
34428,serranias managua,casa-amueblada-con-terreno-amplio-en-serranias-managua/,serranias managua,280000,USD,,5,,,https://www.sovinic.com.ni/propiedades/casa-amueblada-con-terreno-amplio-en-serranias-managua/,https://www.sovinic.com.ni/wp-content/uploads/2025/09/IMG-20250919-WA0075-525x328.jpg,Managua,Managua,12.0755141,-86.3316743,electronics
34427,san isidro de la cruz verde,casa-con-terreno-amplio-en-san-isidro-de-la-cruz-verde/,san isidro de la cruz verde,120000,USD,,2,,,https://www.sovinic.com.ni/propiedades/casa-con-terreno-amplio-en-san-isidro-de-la-cruz-verde/,https://www.sovinic.com.ni/wp-content/uploads/2025/09/IMG-20250919-WA0116-525x328.jpg,,,12.0837637,-86.2613725,administrative
34358,ticuantepe,casa-en-venta-en-ticuantepe-5/,ticuantepe,189000,USD,,3,,,https://www.sovinic.com.ni/propiedades/casa-en-venta-en-ticuantepe-5/,https://www.sovinic.com.ni/wp-content/uploads/2025/09/20250707_160202-525x328.jpg,Ticuantepe,Managua,12.0217671,-86.2053144,administrative
34346,loma linda managua,casa-en-venta-en-loma-linda-managua/,loma linda managua,32000,USD,,2,,,https://www.sovinic.com.ni/propiedades/casa-en-venta-en-loma-linda-managua/,https://www.sovinic.com.ni/wp-content/uploads/2025/09/508623441_1110447221105631_4621736204694636711_n-1-525x328.jpg,Managua,Managua,12.0987815,-86.2910172,bus_stop
34333,ticuantepe,casa-en-venta-en-ticuantepe-2/,ticuantepe,67000,USD,,4,,,https://www.sovinic.com.ni/propiedades/casa-en-venta-en-ticuantepe-2/,https://www.sovinic.com.ni/wp-content/uploads/2025/09/20250814_093722-525x328.jpg,Ticuantepe,Managua,12.0217671,-86.2053144,administrative
33863,km carretera masaya,casa-en-venta-km-13-carretera-masaya-2-2/,km carretera masaya,73000,USD,,3,,,https://www.sovinic.com.ni/propiedades/casa-en-venta-km-13-carretera-masaya-2-2/,https://www.sovinic.com.ni/wp-content/uploads/2025/07/654198-525x328.jpg,Masaya,Masaya,12.0631462,-86.2094892,bus_stop
33841,madriz nicaragua somoto,casa-en-venta-somoto-madriz-nicaragua/,madriz nicaragua somoto,140000,USD,,3,,,https://www.sovinic.com.ni/propiedades/casa-en-venta-somoto-madriz-nicaragua/,https://www.sovinic.com.ni/wp-content/uploads/2025/07/WhatsApp-Image-2025-04-09-at-3.45.04-PM-copia-525x328.jpeg,Somoto,Madriz,13.5436645,-86.6483120,administrative
33805,las colinas managua nicaragua,casa-en-las-colinas-managua-nicaragua-2/,las colinas managua nicaragua,95000,USD,,2,,,https://www.sovinic.com.ni/propiedades/casa-en-las-colinas-managua-nicaragua-2/,https://www.sovinic.com.ni/wp-content/uploads/2025/07/30481910_295aa9.webp,Managua,Managua,12.1547116,-86.2737250,administrative
33775,masaya nindiri,casa-en-venta-en-nindiri-masaya/,masaya nindiri,110000,USD,,3,,,https://www.sovinic.com.ni/propiedades/casa-en-venta-en-nindiri-masaya/,https://www.sovinic.com.ni/wp-content/uploads/2025/07/WhatsApp-Image-2025-03-18-at-9.03.04-PM-2-1-525x328.jpeg,Nindirí,Masaya,12.0004214,-86.1232738,industrial
33759,santo domingo managua,casa-en-nicaragua-santo-domingo-managua/,santo domingo managua,190000,USD,,3.5,,,https://www.sovinic.com.ni/propiedades/casa-en-nicaragua-santo-domingo-managua/,https://www.sovinic.com.ni/wp-content/uploads/2025/07/Lumii_20250211_164948904-525x328.jpg,Managua,Managua,12.1533856,-86.2586730,car_parts
33738,santo domingo nicaragua,casas-en-santo-domingo-nicaragua/,santo domingo nicaragua,520000,USD,,4.5,,,https://www.sovinic.com.ni/propiedades/casas-en-santo-domingo-nicaragua/,https://www.sovinic.com.ni/wp-content/uploads/2025/07/480316200_1051439417000704_8700681595476095912_n-525x328.jpg,,,,,
33734,km carretera a masaya,casa-en-venta-km-16-carretera-a-masaya/,km carretera a masaya,220000,USD,,3.5,,,https://www.sovinic.com.ni/propiedades/casa-en-venta-km-16-carretera-a-masaya/,https://www.sovinic.com.ni/wp-content/uploads/2025/08/WhatsApp-Image-2025-01-19-at-10.17.34-AM-1-scaled-1-525x328.jpeg,Masaya,Masaya,12.0899119,-86.2342842,bus_stop
33659,santo domingo,casa-en-venta-santo-domingo-2/,santo domingo,185000,USD,,3.5,,,https://www.sovinic.com.ni/propiedades/casa-en-venta-santo-domingo-2/,https://www.sovinic.com.ni/wp-content/uploads/2025/07/IMG-20241028-WA0256-525x328.jpg,,,12.3716996,-84.9389262,administrative
33594,calle principal de nueva guinea,venta-de-propiedad-en-calle-principal-de-nueva-guinea/,calle principal de nueva guinea,220000,USD,,2,,,https://www.sovinic.com.ni/propiedades/venta-de-propiedad-en-calle-principal-de-nueva-guinea/,https://www.sovinic.com.ni/wp-content/uploads/2025/07/WhatsApp-Image-2024-09-09-at-1.37.32-PM-7-525x328.jpeg,,,11.7261146,-84.2798977,unclassified
33566,carretera a veracruz,casa-en-venta-carretera-a-veracruz-2/,carretera a veracruz,80000,USD,,2,,,https://www.sovinic.com.ni/propiedades/casa-en-venta-carretera-a-veracruz-2/,https://www.sovinic.com.ni/wp-content/uploads/2025/07/WhatsApp-Image-2024-08-31-at-7.23.41-AM-525x328.jpeg,,,12.0631901,-86.1895331,secondary
33501,altagracia,casa-amplia-para-habitar-u-oficinas-en-altagracia/,altagracia,93000,USD,,3,,,https://www.sovinic.com.ni/propiedades/casa-amplia-para-habitar-u-oficinas-en-altagracia/,https://www.sovinic.com.ni/wp-content/uploads/2025/07/Lumii_20230806_094638602-525x328.jpg,,,11.5174356,-85.5122366,administrative
33455,renta,casa-en-renta/,renta,299999,USD,,4,,,https://www.sovinic.com.ni/propiedades/casa-en-renta/,https://www.sovinic.com.ni/wp-content/uploads/2025/07/Lumii_20240407_0945458471-525x328.jpg,,,12.1084195,-86.3035651,outdoor
33408,san marcos carazo,casa-en-venta-san-marcos-carazo/,san marcos carazo,199900,USD,,3,,,https://www.sovinic.com.ni/propiedades/casa-en-venta-san-marcos-carazo/,https://www.sovinic.com.ni/wp-content/uploads/2025/07/Lumii_20240213_124004656-525x328.jpg,,,11.9021268,-86.2370068,industrial
33041,carazo nicaragua fuel muebles jinotepe,se-vende-casa-en-jinotepe-carazo-nicaragua-fuel-muebles/,carazo nicaragua fuel muebles jinotepe,260000,USD,,4,,,https://www.sovinic.com.ni/propiedades/se-vende-casa-en-jinotepe-carazo-nicaragua-fuel-muebles/,https://www.sovinic.com.ni/wp-content/uploads/2025/07/5b772e63-202a-4f5b-ba5d-1379c7d6df57-525x328.jpg,Jinotepe,Carazo,11.8478476,-86.1992469,administrative
32903,nicaragua managua,casa-de-lujo-en-managua-nicaragua/,nicaragua managua,580000,USD,,5.5,,,https://www.sovinic.com.ni/propiedades/casa-de-lujo-en-managua-nicaragua/,https://www.sovinic.com.ni/wp-content/uploads/2025/07/Lumii_20220328_164324783-525x328.jpg,Managua,Managua,12.1214389,-86.3097786,central_bank
32724,bosque de capistrano,casa-en-venta-en-bosque-de-capistrano/,bosque de capistrano,100000,USD,,3,,,https://www.sovinic.com.ni/propiedades/casa-en-venta-en-bosque-de-capistrano/,https://www.sovinic.com.ni/wp-content/uploads/2025/08/Lumii_20210823_135010816-scaled-1-525x328.jpg,,,,,
32707,carretera vieja leon km %c2%bd,se-venden-y-o-renta-casa-en-carretera-vieja-leon-km-11-%c2%bd/,carretera vieja leon km %c2%bd,230000,USD,,3,,,https://www.sovinic.com.ni/propiedades/se-venden-y-o-renta-casa-en-carretera-vieja-leon-km-11-%c2%bd/,https://www.sovinic.com.ni/wp-content/uploads/2025/07/IMG-20210707-WA0054-525x328.jpg,León,León,12.3021275,-86.9679698,administrative
32691,km 11.5 carretera vieja a leon,venta-de-casa-km-11-5-carretera-vieja-a-leon/,km 11.5 carretera vieja a leon,400000,USD,,4.5,,,https://www.sovinic.com.ni/propiedades/venta-de-casa-km-11-5-carretera-vieja-a-leon/,https://www.sovinic.com.ni/wp-content/uploads/2025/08/Lumii_20210601_150304122-scaled-1-525x328.jpg,León,León,12.0731952,-86.4953759,trunk
32395,ubicada en el km carretera a masaya,casa-en-venta-ubicada-en-el-kilometro-12-5-carretera-a-masaya/,ubicada en el km carretera a masaya,136000,USD,,3,,,https://www.sovinic.com.ni/propiedades/casa-en-venta-ubicada-en-el-kilometro-12-5-carretera-a-masaya/,https://www.sovinic.com.ni/wp-content/uploads/2025/07/IMG-20200503-WA0056-525x328.jpg,Masaya,Masaya,11.9736474,-86.0960547,administrative
32211,estancia de santo domingo,propiedad-de-lujo-en-estancia-de-santo-domingo/,estancia de santo domingo,415000,USD,,4.5,,,https://www.sovinic.com.ni/propiedades/propiedad-de-lujo-en-estancia-de-santo-domingo/,https://www.sovinic.com.ni/wp-content/uploads/2025/07/Brochure-I-1-525x328.jpg,,,12.0788562,-86.2408032,neighbourhood
32105,santo domingo managua nicaragua,venta-renta-de-casa-de-lujo-en-santo-domingo-managua-nicaragua/,santo domingo managua nicaragua,390000,USD,,3.5,,,https://www.sovinic.com.ni/propiedades/venta-renta-de-casa-de-lujo-en-santo-domingo-managua-nicaragua/,https://www.sovinic.com.ni/wp-content/uploads/2025/07/20190522_114654-525x328.jpg,Managua,Managua,12.1547116,-86.2737250,administrative
31959,km carretera masaya,casa-en-venta-km-13-carretera-masaya-2/,km carretera masaya,100000,USD,,2,,,https://www.sovinic.com.ni/propiedades/casa-en-venta-km-13-carretera-masaya-2/,https://www.sovinic.com.ni/wp-content/uploads/2025/07/Lumii_20221107_110206692-525x328.jpg,Masaya,Masaya,12.0631462,-86.2094892,bus_stop
31951,santo domingo managua,casa-residencia-en-santo-domingo-managua/,santo domingo managua,400000,USD,,3,,,https://www.sovinic.com.ni/propiedades/casa-residencia-en-santo-domingo-managua/,https://www.sovinic.com.ni/wp-content/uploads/2025/07/WhatsApp-Image-2018-08-12-at-3.22.31-PM-525x328.jpeg,Managua,Managua,12.1533856,-86.2586730,car_parts
31907,colonia de mayo,casa-en-venta-colonia-4-de-mayo-2/,colonia de mayo,65000,USD,,3,,,https://www.sovinic.com.ni/propiedades/casa-en-venta-colonia-4-de-mayo-2/,https://www.sovinic.com.ni/wp-content/uploads/2025/07/20171218_101435-525x328.jpg,,,12.1271946,-86.2234804,place_of_worship
